file,result
experiment3.csv,"[0.03709476282511984, 0.988794]"
